{"pitch": [-2.9170793047299726, 11.39125453698579, 207.63098600266068, 46.77559025098984], "energy": [-1.431071162223816, 8.183879852294922, 37.32885697389438, 26.045540078770948]}